{
  "cells": {
    "en->en": {
      "recall@1": 0.8697478991596639,
      "recall@5": 0.9487394957983193,
      "recall@10": 0.9689075630252101,
      "mrr@10": 0.9056469254368414,
      "ndcg@10": 0.921151826348413,
      "queries": 1190.0,
      "index_size": 20240.0
    },
    "es->es": {
      "recall@1": 0.853781512605042,
      "recall@5": 0.9420168067226891,
      "recall@10": 0.9605042016806723,
      "mrr@10": 0.8916639989329065,
      "ndcg@10": 0.908459484446454,
      "queries": 1190.0,
      "index_size": 20240.0
    },
    "zh->zh": {
      "recall@1": 0.8235294117647058,
      "recall@5": 0.9319327731092437,
      "recall@10": 0.9495798319327731,
      "mrr@10": 0.8671341870081368,
      "ndcg@10": 0.8873070760657471,
      "queries": 1190.0,
      "index_size": 20240.0
    },
    "th->th": {
      "recall@1": 0.7915966386554621,
      "recall@5": 0.9319327731092437,
      "recall@10": 0.9478991596638655,
      "mrr@10": 0.8501030412164866,
      "ndcg@10": 0.8742559960856936,
      "queries": 1190.0,
      "index_size": 20240.0
    },
    "en->zh": {
      "recall@1": 0.3042016806722689,
      "recall@5": 0.7689075630252101,
      "recall@10": 0.8361344537815126,
      "mrr@10": 0.5103821528611444,
      "ndcg@10": 0.5910648951027271,
      "queries": 1190.0,
      "index_size": 20240.0
    },
    "en->th": {
      "recall@1": 0.5815126050420169,
      "recall@5": 0.7512605042016807,
      "recall@10": 0.83109243697479,
      "mrr@10": 0.6574189675870348,
      "ndcg@10": 0.6986876778953653,
      "queries": 1190.0,
      "index_size": 20240.0
    },
    "en->es": {
      "recall@1": 0.8336134453781513,
      "recall@5": 0.934453781512605,
      "recall@10": 0.9521008403361344,
      "mrr@10": 0.8749663198612779,
      "ndcg@10": 0.8938345874745336,
      "queries": 1190.0,
      "index_size": 20240.0
    },
    "zh->en": {
      "recall@1": 0.4546218487394958,
      "recall@5": 0.6327731092436975,
      "recall@10": 0.6949579831932773,
      "mrr@10": 0.5323622782446312,
      "ndcg@10": 0.5714218082278358,
      "queries": 1190.0,
      "index_size": 20240.0
    },
    "es->en": {
      "recall@1": 0.7739495798319328,
      "recall@5": 0.8899159663865546,
      "recall@10": 0.9193277310924369,
      "mrr@10": 0.8241646658663465,
      "ndcg@10": 0.8472839459634061,
      "queries": 1190.0,
      "index_size": 20240.0
    }
  },
  "retention": {
    "en->zh": 0.8250676284941388,
    "en->th": 0.806131650135257,
    "en->es": 0.991971454058876,
    "zh->en": 0.66696191319752,
    "es->en": 0.9379982285208148
  }
}