{
  "cells": {
    "en->en": {
      "recall@1": 0.8008403361344538,
      "recall@5": 0.9201680672268907,
      "recall@10": 0.9487394957983193,
      "mrr@10": 0.8546455248766174,
      "ndcg@10": 0.8776842535497693,
      "queries": 1190.0,
      "index_size": 20240.0
    },
    "es->es": {
      "recall@1": 0.8,
      "recall@5": 0.9126050420168067,
      "recall@10": 0.9411764705882353,
      "mrr@10": 0.8490996398559423,
      "ndcg@10": 0.8715038739894378,
      "queries": 1190.0,
      "index_size": 20240.0
    },
    "zh->zh": {
      "recall@1": 0.7983193277310925,
      "recall@5": 0.9302521008403362,
      "recall@10": 0.9478991596638655,
      "mrr@10": 0.8542913832199547,
      "ndcg@10": 0.8773911909075597,
      "queries": 1190.0,
      "index_size": 20240.0
    },
    "th->th": {
      "recall@1": 0.7428571428571429,
      "recall@5": 0.8974789915966387,
      "recall@10": 0.9285714285714286,
      "mrr@10": 0.8099259703881553,
      "ndcg@10": 0.8389674329717106,
      "queries": 1190.0,
      "index_size": 20240.0
    },
    "en->zh": {
      "recall@1": 0.673109243697479,
      "recall@5": 0.8361344537815126,
      "recall@10": 0.8798319327731092,
      "mrr@10": 0.7454461784713885,
      "ndcg@10": 0.7781499828699233,
      "queries": 1190.0,
      "index_size": 20240.0
    },
    "en->th": {
      "recall@1": 0.6680672268907563,
      "recall@5": 0.826890756302521,
      "recall@10": 0.8815126050420168,
      "mrr@10": 0.74078197945845,
      "ndcg@10": 0.7748291966909687,
      "queries": 1190.0,
      "index_size": 20240.0
    },
    "en->es": {
      "recall@1": 0.7789915966386555,
      "recall@5": 0.8974789915966387,
      "recall@10": 0.926890756302521,
      "mrr@10": 0.8313785514205682,
      "ndcg@10": 0.8546456248804741,
      "queries": 1190.0,
      "index_size": 20240.0
    },
    "zh->en": {
      "recall@1": 0.6445378151260505,
      "recall@5": 0.8226890756302521,
      "recall@10": 0.8697478991596639,
      "mrr@10": 0.7238281979458451,
      "ndcg@10": 0.7593613199223714,
      "queries": 1190.0,
      "index_size": 20240.0
    },
    "es->en": {
      "recall@1": 0.7554621848739496,
      "recall@5": 0.8857142857142857,
      "recall@10": 0.9260504201680673,
      "mrr@10": 0.8146345204748566,
      "ndcg@10": 0.8416392132635091,
      "queries": 1190.0,
      "index_size": 20240.0
    }
  },
  "retention": {
    "en->zh": 0.8988256549232159,
    "en->th": 0.9213483146067415,
    "en->es": 0.9834254143646409,
    "zh->en": 0.8940639269406393,
    "es->en": 0.9625570776255707
  }
}