{
  "cells": {
    "en->en": {
      "recall@1": 0.8420168067226891,
      "recall@5": 0.9403361344537815,
      "recall@10": 0.9630252100840336,
      "mrr@10": 0.8861577964519142,
      "ndcg@10": 0.9050061906171609,
      "queries": 1190.0,
      "index_size": 20240.0
    }
  },
  "retention": {}
}